test_loss,test_recall@10,test_ndcg@10,val_loss,val_recall@10,val_ndcg@10,used_epochs,experiment,vocab_size,num_pos,heads,num_hidden_layers,hidden_layer_size,epochs,batch_size,learning_rate,weight_decay,early_stop_patience,early_stop_warmup,early_stop_delta,scheduler_patience,scheduler_factor,padding_token,masking_token,pad_length,pad_side,trunc_side,train_split,test_split,val_split,min_sequence_lenght,mask_probability,max_sequence_length,ground_truth_items
5.347452163696289,0.0652938901778809,0.05483282007989487,5.354141781727473,0.06653960888299636,0.054780400236059824,48,layer_size,3535,200,4,4,64,400,128,0.001,0.0001,10,20,1e-05,1,0.5,0,1,40,left,left,0.7,0.15,0.15,3,0.15,200,5
5.433433403571446,0.06580764556402609,0.05546844536916391,5.406075457731883,0.06615843553198543,0.055599705936682925,34,layer_size,3535,200,4,4,128,400,128,0.001,0.0001,10,20,1e-05,1,0.5,0,1,40,left,left,0.7,0.15,0.15,3,0.15,200,5
5.349584619204204,0.06362832836150702,0.05252583642224768,5.378691623608272,0.06343774168600155,0.05235506879189999,35,layer_size,3535,200,4,4,256,400,128,0.001,0.0001,10,20,1e-05,1,0.5,0,1,40,left,left,0.7,0.15,0.15,3,0.15,200,5
