test_loss,test_recall@10,test_ndcg@10,val_loss,val_recall@10,val_ndcg@10,used_epochs,experiment,vocab_size,num_pos,heads,num_hidden_layers,hidden_layer_size,epochs,batch_size,learning_rate,weight_decay,early_stop_patience,early_stop_warmup,early_stop_delta,scheduler_patience,scheduler_factor,padding_token,masking_token,pad_length,pad_side,trunc_side,train_split,test_split,val_split,min_sequence_lenght,mask_probability,max_sequence_length
6.6821515361468,0.1523036128604574,0.05259641601537431,5.960894564787547,0.19671859463042757,0.06730906578517595,29,layer_size,3535,200,4,4,64,400,128,0.001,0.0001,10,20,1e-05,1,0.5,0,1,40,left,left,0.7,0.15,0.15,3,0.15,200
7.046725630760193,0.14965197215777262,0.051736426176631135,6.225835869709651,0.19075240304938682,0.06754057690630856,30,layer_size,3535,200,4,4,128,400,128,0.001,0.0001,10,20,1e-05,1,0.5,0,1,40,left,left,0.7,0.15,0.15,3,0.15,200
6.763788590828578,0.152635067948293,0.0520690995675163,6.017926454544067,0.19671859463042757,0.06887044524013965,29,layer_size,3535,200,4,4,256,400,128,0.001,0.0001,10,20,1e-05,1,0.5,0,1,40,left,left,0.7,0.15,0.15,3,0.15,200
