test_loss,test_recall@10,test_ndcg@10,val_loss,val_recall@10,val_ndcg@10,used_epochs,experiment,vocab_size,num_pos,heads,num_hidden_layers,hidden_layer_size,epochs,batch_size,learning_rate,weight_decay,early_stop_patience,early_stop_warmup,early_stop_delta,scheduler_patience,scheduler_factor,padding_token,masking_token,pad_length,pad_side,trunc_side,train_split,test_split,val_split,min_sequence_lenght,mask_probability
6.341460903485616,0.1927411335764004,0.06654934397369136,5.6654558678468065,0.22522373218428904,0.07642704157834598,22,layer_size,3535,1435,4,4,64,100,128,0.001,0.0001,3,20,0.001,1,0.5,0,1,20,left,left,0.7,0.15,0.15,3,0.15
6.383845547835032,0.18180311567782564,0.06297834021850246,5.694778303305308,0.22804110043089162,0.07947202219347987,22,layer_size,3535,1435,4,4,128,100,128,0.001,0.0001,3,20,0.001,1,0.5,0,1,20,left,left,0.7,0.15,0.15,3,0.15
6.348961969216664,0.1735167384819357,0.060289993613122254,5.688126554091771,0.20749088498508453,0.0738824838754425,24,layer_size,3535,1435,4,4,256,100,128,0.001,0.0001,3,20,0.001,1,0.5,0,1,20,left,left,0.7,0.15,0.15,3,0.15
