test_loss,test_recall@10,test_ndcg@10,val_loss,val_recall@10,val_ndcg@10,used_epochs,experiment,vocab_size,num_pos,heads,num_hidden_layers,hidden_layer_size,epochs,batch_size,learning_rate,weight_decay,early_stop_patience,early_stop_warmup,early_stop_delta,scheduler_patience,scheduler_factor,padding_token,masking_token,pad_length,pad_side,trunc_side,train_split,test_split,val_split,min_sequence_lenght,mask_probability
6.358908345301946,0.1756711965528671,0.0601212775830124,5.678030381600062,0.22621809744779584,0.07903011879018552,22,masking_ratio,3535,1435,4,4,256,100,128,0.001,0.0001,3,20,0.001,1,0.5,0,1,20,left,left,0.7,0.15,0.15,3,0.15
6.343840966622035,0.17765992707988068,0.06200497588420254,5.6353857318560285,0.21909181305933045,0.07777964980875819,30,masking_ratio,3535,1435,4,4,256,100,128,0.001,0.0001,3,20,0.001,1,0.5,0,1,20,left,left,0.7,0.15,0.15,3,0.2
6.366798887650172,0.18031156778256546,0.062275819395743795,5.664979189634323,0.21047398077560492,0.07490790840670648,25,masking_ratio,3535,1435,4,4,256,100,128,0.001,0.0001,3,20,0.001,1,0.5,0,1,20,left,left,0.7,0.15,0.15,3,0.4
