test_loss,test_recall@10,test_ndcg@10,val_loss,val_recall@10,val_ndcg@10,used_epochs,experiment,vocab_size,num_pos,heads,num_hidden_layers,hidden_layer_size,epochs,batch_size,learning_rate,weight_decay,early_stop_patience,early_stop_warmup,early_stop_delta,scheduler_patience,scheduler_factor,padding_token,masking_token,pad_length,pad_side,trunc_side,train_split,test_split,val_split,min_sequence_lenght,mask_probability,max_sequence_length
6.746424933274587,0.1513092475969506,0.053267790497329236,5.991830209891002,0.18876367252237322,0.06564155680159363,31,masking_ratio,3535,200,4,4,256,400,128,0.001,0.0001,10,20,1e-05,1,0.5,0,1,40,left,left,0.7,0.15,0.15,3,0.15,200
7.050109893083572,0.14932051706993701,0.0514884910463214,6.245279202858607,0.1924096784885648,0.06553224355082073,29,masking_ratio,3535,200,4,4,256,400,128,0.001,0.0001,10,20,1e-05,1,0.5,0,1,40,left,left,0.7,0.15,0.15,3,0.2,200
6.616478353738785,0.16257872058336095,0.05561302356212548,5.8771034479141235,0.20135896586012594,0.07074573539315676,32,masking_ratio,3535,200,4,4,256,400,128,0.001,0.0001,10,20,1e-05,1,0.5,0,1,40,left,left,0.7,0.15,0.15,3,0.4,200
