test_loss,test_recall@10,test_ndcg@10,val_loss,val_recall@10,val_ndcg@10,used_epochs,experiment,vocab_size,num_pos,heads,num_hidden_layers,hidden_layer_size,epochs,batch_size,learning_rate,weight_decay,early_stop_patience,early_stop_warmup,early_stop_delta,scheduler_patience,scheduler_factor,padding_token,masking_token,pad_length,pad_side,trunc_side,train_split,test_split,val_split,min_sequence_lenght,mask_probability,max_sequence_length,ground_truth_items
5.335113048553467,0.06287150591094907,0.052860646308377834,5.333761036396027,0.06313390785548559,0.05162027036129535,32,masking_ratio,3535,200,4,4,256,400,128,0.001,0.0001,10,20,1e-05,1,0.5,0,1,40,left,left,0.7,0.15,0.15,3,0.15,200,5
5.361883103847504,0.06620815379516076,0.05711035753801288,5.331454932689667,0.06700640813169817,0.05620588136356675,30,masking_ratio,3535,200,4,4,256,400,128,0.001,0.0001,10,20,1e-05,1,0.5,0,1,40,left,left,0.7,0.15,0.15,3,0.2,200,5
5.215439677238464,0.06839851950060767,0.05719743491151815,5.20189415415128,0.06657827864324384,0.05573392608757255,49,masking_ratio,3535,200,4,4,256,400,128,0.001,0.0001,10,20,1e-05,1,0.5,0,1,40,left,left,0.7,0.15,0.15,3,0.4,200,5
