test_loss,test_recall@10,test_ndcg@10,val_loss,val_recall@10,val_ndcg@10,used_epochs,experiment,vocab_size,num_pos,heads,num_hidden_layers,hidden_layer_size,epochs,batch_size,learning_rate,weight_decay,early_stop_patience,early_stop_warmup,early_stop_delta,scheduler_patience,scheduler_factor,padding_token,masking_token,pad_length,pad_side,trunc_side,train_split,test_split,val_split,min_sequence_lenght,mask_probability,max_sequence_length
7.1330945293108625,0.12081537951607557,0.04164057135688208,6.307197074095408,0.15777262180974477,0.05468370399268371,29,max_sequence_length,3535,100,4,4,256,400,128,0.001,0.0001,10,20,1e-05,1,0.5,0,1,40,left,left,0.7,0.15,0.15,3,0.15,100
6.75665150086085,0.1537951607557176,0.053665883180365234,6.023908764123917,0.18876367252237322,0.06591779549998776,29,max_sequence_length,3535,200,4,4,256,400,128,0.001,0.0001,10,20,1e-05,1,0.5,0,1,40,left,left,0.7,0.15,0.15,3,0.15,200
6.530674070119858,0.16556181637388134,0.05762730260744952,5.80129869778951,0.2121312562147829,0.07494651899926606,39,max_sequence_length,3535,1435,4,4,256,400,128,0.001,0.0001,10,20,1e-05,1,0.5,0,1,40,left,left,0.7,0.15,0.15,3,0.15,
