test_loss,test_recall@10,test_ndcg@10,val_loss,val_recall@10,val_ndcg@10,used_epochs,experiment,vocab_size,num_pos,heads,num_hidden_layers,hidden_layer_size,epochs,batch_size,learning_rate,weight_decay,early_stop_patience,early_stop_warmup,early_stop_delta,scheduler_patience,scheduler_factor,padding_token,masking_token,pad_length,pad_side,trunc_side,train_split,test_split,val_split,min_sequence_lenght,mask_probability,max_sequence_length,ground_truth_items
5.4343476096789045,0.060139763562037346,0.04917342995984247,5.425348073244095,0.05836095459065297,0.04851709114451696,43,max_sequence_length,3535,100,4,4,256,400,128,0.001,0.0001,10,20,1e-05,1,0.5,0,1,40,left,left,0.7,0.15,0.15,3,0.15,100,5
5.335113048553467,0.06287150591094907,0.052860646308377834,5.333761036396027,0.06313390785548559,0.05162027036129535,32,max_sequence_length,3535,200,4,4,256,400,128,0.001,0.0001,10,20,1e-05,1,0.5,0,1,40,left,left,0.7,0.15,0.15,3,0.15,200,5
5.287500997384389,0.0650452988620042,0.054840478599819706,5.306141744057338,0.06430504916583803,0.05460087282059547,41,max_sequence_length,3535,1435,4,4,256,400,128,0.001,0.0001,10,20,1e-05,1,0.5,0,1,40,left,left,0.7,0.15,0.15,3,0.15,,5
