test_loss,test_recall@10,test_ndcg@10,val_loss,val_recall@10,val_ndcg@10,used_epochs,experiment,vocab_size,num_pos,heads,num_hidden_layers,hidden_layer_size,epochs,batch_size,learning_rate,weight_decay,early_stop_patience,early_stop_warmup,early_stop_delta,scheduler_patience,scheduler_factor,padding_token,masking_token,pad_length,pad_side,trunc_side,train_split,test_split,val_split,min_sequence_lenght,mask_probability,max_sequence_length
7.727327197790146,0.14650314882333443,0.05025918334422721,6.866482426722844,0.17898574743122306,0.061919666213739746,29,num_layers,3535,200,4,2,256,400,128,0.001,0.0001,10,20,1e-05,1,0.5,0,1,40,left,left,0.7,0.15,0.15,3,0.15,200
6.746044784784317,0.14948624461385482,0.0516033305646467,5.9977154930432635,0.20102751077229036,0.07111180677535676,35,num_layers,3535,200,4,4,256,400,128,0.001,0.0001,10,20,1e-05,1,0.5,0,1,40,left,left,0.7,0.15,0.15,3,0.15,200
6.757672150929769,0.13125621478289692,0.046354510244969616,6.030568927526474,0.16920782234007292,0.059027159683531984,35,num_layers,3535,200,4,8,256,400,128,0.001,0.0001,10,20,1e-05,1,0.5,0,1,40,left,left,0.7,0.15,0.15,3,0.15,200
