test_loss,test_recall@10,test_ndcg@10,val_loss,val_recall@10,val_ndcg@10,used_epochs,experiment,vocab_size,num_pos,heads,num_hidden_layers,hidden_layer_size,epochs,batch_size,learning_rate,weight_decay,early_stop_patience,early_stop_warmup,early_stop_delta,scheduler_patience,scheduler_factor,padding_token,masking_token,pad_length,pad_side,trunc_side,train_split,test_split,val_split,min_sequence_lenght,mask_probability,max_sequence_length,ground_truth_items
5.738586833079656,0.0628991271682687,0.0530561586515638,5.6393884519735975,0.06544304496740691,0.05459706464115245,29,num_layers,3535,200,4,2,256,400,128,0.001,0.0001,10,20,1e-05,1,0.5,0,1,40,left,left,0.7,0.15,0.15,3,0.15,200,5
5.335113048553467,0.06287150591094907,0.052860646308377834,5.333761036396027,0.06313390785548559,0.05162027036129535,32,num_layers,3535,200,4,4,256,400,128,0.001,0.0001,10,20,1e-05,1,0.5,0,1,40,left,left,0.7,0.15,0.15,3,0.15,200,5
5.430155575275421,0.05866755054690089,0.04659732911307393,5.435625284910202,0.05937189260855154,0.047929986681145564,57,num_layers,3535,200,4,8,256,400,128,0.001,0.0001,10,20,1e-05,1,0.5,0,1,40,left,left,0.7,0.15,0.15,3,0.15,200,5
