test_loss,test_recall@10,test_ndcg@10,val_loss,val_recall@10,val_ndcg@10,used_epochs,experiment,vocab_size,num_pos,heads,num_hidden_layers,hidden_layer_size,epochs,batch_size,learning_rate,weight_decay,early_stop_patience,early_stop_warmup,early_stop_delta,scheduler_patience,scheduler_factor,padding_token,masking_token,pad_length,pad_side,trunc_side,train_split,test_split,val_split,min_sequence_lenght,mask_probability
6.6681002378463745,0.18594630427577064,0.06386989845511332,5.905681987603505,0.2295326483261518,0.07882006226383019,22,num_layers,3535,1435,4,2,256,100,128,0.001,0.0001,3,20,0.001,1,0.5,0,1,20,left,left,0.7,0.15,0.15,3,0.15
6.331811308860779,0.18793503480278423,0.0647094998146681,5.648447960615158,0.22157772621809746,0.07683162732303676,22,num_layers,3535,1435,4,4,256,100,128,0.001,0.0001,3,20,0.001,1,0.5,0,1,20,left,left,0.7,0.15,0.15,3,0.15
6.411062200864156,0.14484587338415644,0.0507805723149266,5.769989788532257,0.18412330129267485,0.06473390525534356,36,num_layers,3535,1435,4,8,256,100,128,0.001,0.0001,3,20,0.001,1,0.5,0,1,20,left,left,0.7,0.15,0.15,3,0.15
